TimeStamp,Delta_TP9,Delta_AF7,Delta_AF8,Delta_TP10,Theta_TP9,Theta_AF7,Theta_AF8,Theta_TP10,Alpha_TP9,Alpha_AF7,Alpha_AF8,Alpha_TP10,Beta_TP9,Beta_AF7,Beta_AF8,Beta_TP10,Gamma_TP9,Gamma_AF7,Gamma_AF8,Gamma_TP10,RAW_TP9,RAW_AF7,RAW_AF8,RAW_TP10,AUX_RIGHT,AUX_LEFT,Accelerometer_X,Accelerometer_Y,Accelerometer_Z,Gyro_X,Gyro_Y,Gyro_Z,HeadBandOn,HSI_TP9,HSI_AF7,HSI_AF8,HSI_TP10,Battery,Elements
2024-02-10 18:34:44.527,,,,,,,,,,,,,,,,,,,,,,,,,,,,,,,,,,,,,,,/muse/event/connected MuseS-4FA5
2024-02-10 18:34:44.542,0.73931074,0.092385486,0.8671861,0.89594847,0.97905135,0.47529364,0.51356655,0.7350157,1.0524656,1.1576638,0.559305,0.42685694,0.67383265,1.6477717,0.1800944,0.7481493,0.2441298,1.1857039,-0.25549263,0.57419086,784.10254,805.8608,804.2491,800.6227,NaN,NaN,-0.342529296875,-0.06903076171875,0.917724609375,4.02252197265625,-0.91217041015625,4.88983154296875,1,1.0,1.0,1.0,1.0,100.00
2024-02-10 18:34:45.164,,,,,,,,,,,,,,,,,,,,,,,,,,,,,,,,,,,,,,,/muse/elements/blink
2024-02-10 18:34:45.548,0.73931074,0.092385486,0.74583185,0.89594847,0.97905135,0.47529364,0.32616875,0.7350157,1.0524656,1.1576638,0.3618905,0.42685694,0.67383265,1.6477717,0.1637503,0.7481493,0.2441298,1.1857039,-0.330687,0.57419086,786.9231,796.5934,790.14655,790.14655,NaN,NaN,-0.4080810546875,-0.04730224609375,0.9188232421875,4.02252197265625,-0.91217041015625,4.88983154296875,1,2.0,1.0,1.0,2.0,100.00
2024-02-10 18:34:45.766,,,,,,,,,,,,,,,,,,,,,,,,,,,,,,,,,,,,,,,/muse/elements/blink
2024-02-10 18:34:46.035,,,,,,,,,,,,,,,,,,,,,,,,,,,,,,,,,,,,,,,/muse/elements/blink
2024-02-10 18:34:46.551,0.73931074,0.092385486,0.59095895,0.89594847,0.97905135,0.47529364,-0.04362736,0.7350157,1.0524656,1.1576638,0.34818262,0.42685694,0.67383265,1.6477717,0.099459514,0.7481493,0.2441298,1.1857039,-0.10579436,0.57419086,793.36993,797.8022,802.6374,789.34064,NaN,NaN,-0.43707275390625,-0.0682373046875,0.871826171875,4.02252197265625,-0.91217041015625,4.88983154296875,1,2.0,1.0,1.0,2.0,100.00
2024-02-10 18:34:47.071,,,,,,,,,,,,,,,,,,,,,,,,,,,,,,,,,,,,,,,/muse/elements/blink
2024-02-10 18:34:47.554,1.5727334,0.092385486,0.851495,0.89594847,1.2668303,0.47529364,-0.04311632,0.7350157,1.1276354,1.1576638,0.31139666,0.42685694,0.9050381,1.6477717,0.23394105,0.7481493,0.34017938,1.1857039,0.118554845,0.57419086,743.8095,789.7436,784.90845,760.32965,NaN,NaN,-0.43170166015625,-0.070068359375,0.87164306640625,4.02252197265625,-0.91217041015625,4.88983154296875,1,1.0,1.0,1.0,1.0,100.00
2024-02-10 18:34:47.773,,,,,,,,,,,,,,,,,,,,,,,,,,,,,,,,,,,,,,,/muse/elements/blink
2024-02-10 18:34:48.557,1.5697956,0.092385486,0.86143816,0.89594847,1.2950577,0.47529364,0.59577,0.7350157,1.0440618,1.1576638,0.5632102,0.42685694,0.8288985,1.6477717,0.2114722,0.7481493,0.35772318,1.1857039,-0.24369965,0.57419086,803.8461,807.8755,800.6227,801.4286,NaN,NaN,-0.42877197265625,-0.07763671875,0.88592529296875,4.02252197265625,-0.91217041015625,4.88983154296875,1,1.0,1.0,1.0,1.0,100.00
2024-02-10 18:34:49.175,,,,,,,,,,,,,,,,,,,,,,,,,,,,,,,,,,,,,,,/muse/elements/blink
2024-02-10 18:34:49.562,1.5697956,0.092385486,0.6630466,0.89594847,1.2950577,0.47529364,0.34150434,0.7350157,1.0440618,1.1576638,0.52854365,0.42685694,0.8288985,1.6477717,0.13889408,0.7481493,0.35772318,1.1857039,-0.22204764,0.57419086,776.4469,786.1172,797.3993,772.8205,NaN,NaN,-0.445068359375,0.0087890625,0.86810302734375,4.02252197265625,-0.91217041015625,4.88983154296875,1,2.0,1.0,1.0,2.0,100.00
2024-02-10 18:34:50.014,,,,,,,,,,,,,,,,,,,,,,,,,,,,,,,,,,,,,,,/muse/elements/blink
2024-02-10 18:34:50.565,1.5697956,0.092385486,0.5541606,0.89594847,1.2950577,0.47529364,0.276923,0.7350157,1.0440618,1.1576638,0.27704233,0.42685694,0.8288985,1.6477717,0.18184277,0.7481493,0.35772318,1.1857039,-0.1875676,0.57419086,793.36993,783.2967,792.96704,798.20514,NaN,NaN,-0.4493408203125,0.016845703125,0.8642578125,4.02252197265625,-0.91217041015625,4.88983154296875,1,2.0,1.0,1.0,2.0,100.00
2024-02-10 18:34:51.569,1.5697956,0.092385486,0.14838041,0.89594847,1.2950577,0.47529364,-0.033988576,0.7350157,1.0440618,1.1576638,0.58585405,0.42685694,0.8288985,1.6477717,0.68573534,0.7481493,0.35772318,1.1857039,0.45158052,0.57419086,840.10986,797.3993,785.7143,845.34796,NaN,NaN,-0.44580078125,0.01513671875,0.8734130859375,4.02252197265625,-0.91217041015625,4.88983154296875,1,2.0,1.0,1.0,2.0,100.00
2024-02-10 18:34:51.620,,,,,,,,,,,,,,,,,,,,,,,,,,,,,,,,,,,,,,,/muse/elements/blink
2024-02-10 18:34:52.574,1.5697956,0.092385486,-0.046941545,0.89594847,1.2950577,0.47529364,0.10470919,0.7350157,1.0440618,1.1576638,0.6366476,0.42685694,0.8288985,1.6477717,0.78273386,0.7481493,0.35772318,1.1857039,0.6359792,0.57419086,787.72894,775.2381,799.011,781.685,NaN,NaN,-0.4459228515625,0.0107421875,0.881591796875,4.02252197265625,-0.91217041015625,4.88983154296875,1,2.0,1.0,1.0,2.0,100.00
2024-02-10 18:34:53.580,0.64371747,0.092385486,-0.2463937,0.40114328,0.2703582,0.47529364,-0.2636231,0.31748363,0.5985409,1.1576638,0.30823153,0.680852,0.4467863,1.6477717,0.7227737,0.4544879,0.0967759,1.1857039,0.4686396,0.50308305,786.9231,800.2198,801.4286,787.72894,NaN,NaN,-0.444580078125,0.01239013671875,0.87408447265625,4.02252197265625,-0.91217041015625,4.88983154296875,1,1.0,1.0,1.0,1.0,100.00
2024-02-10 18:34:53.872,,,,,,,,,,,,,,,,,,,,,,,,,,,,,,,,,,,,,,,/muse/elements/blink
2024-02-10 18:34:54.588,0.8846953,0.092385486,-0.3197707,0.88981134,0.6481363,0.47529364,-0.18591957,0.7704826,0.6296484,1.1576638,0.011390028,0.71493745,0.3779287,1.6477717,0.6141219,0.5504858,0.10766643,1.1857039,0.43067002,0.4437954,792.1612,830.4396,797.3993,787.326,NaN,NaN,-0.43896484375,-0.0267333984375,0.87841796875,4.02252197265625,-0.91217041015625,4.88983154296875,1,1.0,1.0,1.0,1.0,100.00
2024-02-10 18:34:55.598,1.0107725,0.092385486,0.2632385,0.88981134,0.78150517,0.47529364,0.028686922,0.7704826,0.6296484,1.1576638,-0.17333573,0.71493745,0.36879942,1.6477717,-0.11389424,0.5504858,0.1008543,1.1857039,-0.37343925,0.4437954,792.1612,813.1135,794.17584,794.17584,NaN,NaN,-0.432861328125,-0.01806640625,0.8814697265625,4.02252197265625,-0.91217041015625,4.88983154296875,1,1.0,1.0,1.0,1.0,100.00
2024-02-10 18:34:55.890,,,,,,,,,,,,,,,,,,,,,,,,,,,,,,,,,,,,,,,/muse/elements/blink
2024-02-10 18:34:56.512,,,,,,,,,,,,,,,,,,,,,,,,,,,,,,,,,,,,,,,/muse/elements/blink
2024-02-10 18:34:56.613,0.723823,0.2775212,0.57918936,0.88981134,0.8714356,0.3206101,0.22472727,0.7704826,1.255722,0.81263673,0.42524126,0.71493745,0.46270257,1.4964684,0.19221067,0.5504858,0.27071407,1.197757,-0.14546674,0.4437954,812.71063,789.7436,811.9048,807.47253,NaN,NaN,-0.42974853515625,-0.039794921875,0.87884521484375,4.02252197265625,-0.91217041015625,4.88983154296875,1,1.0,1.0,1.0,1.0,100.00
2024-02-10 18:34:57.620,0.91750383,0.2775212,0.7621086,1.0086291,1.0195225,0.3206101,0.4254397,0.89939463,1.2485435,0.81263673,0.41719,0.80931205,0.56777155,1.4964684,0.3284681,0.26467007,0.12916163,1.197757,-0.09984792,-0.11928272,791.75824,772.4176,789.7436,786.1172,NaN,NaN,-0.43084716796875,-0.00994873046875,0.88812255859375,4.02252197265625,-0.91217041015625,4.88983154296875,1,1.0,1.0,1.0,1.0,100.00
2024-02-10 18:34:58.636,0.2089678,0.30785513,0.5172484,0.69434386,0.05180153,0.29972497,0.24749179,0.52560925,0.36726466,0.9671515,0.7892901,0.6592202,0.2817544,1.4065707,0.71475744,0.42882335,0.17348644,1.3371409,0.6522482,0.13738142,801.8315,766.77655,797.3993,796.99634,NaN,NaN,-0.43572998046875,0.01287841796875,0.88031005859375,4.02252197265625,-0.91217041015625,4.88983154296875,1,1.0,1.0,1.0,1.0,100.00
2024-02-10 18:34:58.938,,,,,,,,,,,,,,,,,,,,,,,,,,,,,,,,,,,,,,,/muse/elements/blink
2024-02-10 18:34:59.648,0.18766187,0.07747376,0.66165197,0.9766387,0.06814131,0.49332494,0.46072626,0.60123473,0.15389264,0.90502936,0.6618712,0.68224686,0.14472017,1.4850364,0.60469216,0.6059087,0.17133355,1.3143407,0.3884149,0.19114569,784.90845,782.8938,817.9487,814.3223,NaN,NaN,-0.42755126953125,-0.05133056640625,0.88153076171875,4.02252197265625,-0.91217041015625,4.88983154296875,1,1.0,1.0,1.0,1.0,100.00
2024-02-10 18:35:00.162,,,,,,,,,,,,,,,,,,,,,,,,,,,,,,,,,,,,,,,/muse/elements/blink
2024-02-10 18:35:00.652,0.23676774,0.07747376,0.9746744,1.1255488,0.025303924,0.49332494,0.72466403,0.7344189,0.1034952,0.90502936,0.65559804,0.67421037,0.15167859,1.4850364,0.30239597,0.70029175,0.1756031,1.3143407,-0.22348706,0.085357025,812.71063,777.6557,794.57874,798.20514,NaN,NaN,-0.42535400390625,-0.0474853515625,0.8857421875,4.02252197265625,-0.91217041015625,4.88983154296875,1,1.0,1.0,1.0,1.0,100.00
2024-02-10 18:35:01.666,0.23676774,-0.34299412,0.70306826,1.1255488,0.025303924,0.14661334,0.42673433,0.7344189,0.1034952,0.9462446,0.66202086,0.67421037,0.15167859,1.4545082,0.22149234,0.70029175,0.1756031,1.5858308,-0.13454176,0.085357025,648.71796,736.55676,842.52747,712.381,NaN,NaN,-0.4248046875,-0.0587158203125,0.8829345703125,4.02252197265625,-0.91217041015625,4.88983154296875,1,2.0,1.0,1.0,2.0,100.00
2024-02-10 18:35:01.896,,,,,,,,,,,,,,,,,,,,,,,,,,,,,,,,,,,,,,,/muse/elements/blink
2024-02-10 18:35:02.412,,,,,,,,,,,,,,,,,,,,,,,,,,,,,,,,,,,,,,,/muse/elements/blink
2024-02-10 18:35:02.674,0.23676774,-0.34299412,0.6462034,1.1255488,0.025303924,0.14661334,0.23153938,0.7344189,0.1034952,0.9462446,0.42476934,0.67421037,0.15167859,1.4545082,-0.09635618,0.70029175,0.1756031,1.5858308,-0.07980842,0.085357025,796.99634,792.96704,815.5311,807.47253,NaN,NaN,-0.42742919921875,0.048095703125,0.88958740234375,4.02252197265625,-0.91217041015625,4.88983154296875,1,2.0,1.0,1.0,2.0,100.00
2024-02-10 18:35:03.331,,,,,,,,,,,,,,,,,,,,,,,,,,,,,,,,,,,,,,,/muse/elements/blink
2024-02-10 18:35:03.683,0.23676774,-0.3176798,0.8439262,1.1255488,0.025303924,0.08428934,0.407931,0.7344189,0.1034952,0.8360348,0.41121778,0.67421037,0.15167859,1.4411227,-0.12349537,0.70029175,0.1756031,1.5706241,-0.16483799,0.085357025,805.05493,793.36993,796.5934,806.6667,NaN,NaN,-0.42510986328125,-0.061279296875,0.88330078125,4.02252197265625,-0.91217041015625,4.88983154296875,1,2.0,1.0,1.0,2.0,100.00
2024-02-10 18:35:04.554,,,,,,,,,,,,,,,,,,,,,,,,,,,,,,,,,,,,,,,/muse/elements/blink
2024-02-10 18:35:04.554,,,,,,,,,,,,,,,,,,,,,,,,,,,,,,,,,,,,,,,/muse/elements/jaw_clench
2024-02-10 18:35:04.686,0.23676774,-0.3176798,1.2537545,1.1255488,0.025303924,0.08428934,0.91988957,0.7344189,0.1034952,0.8360348,0.71590745,0.67421037,0.15167859,1.4411227,0.57088125,0.70029175,0.1756031,1.5706241,0.020049218,0.085357025,762.74725,793.7729,817.1429,824.7985,NaN,NaN,-0.4345703125,-0.06304931640625,1.021484375,4.02252197265625,-0.91217041015625,4.88983154296875,1,2.0,1.0,1.0,2.0,100.00
2024-02-10 18:35:05.257,,,,,,,,,,,,,,,,,,,,,,,,,,,,,,,,,,,,,,,/muse/elements/blink
2024-02-10 18:35:05.361,,,,,,,,,,,,,,,,,,,,,,,,,,,,,,,,,,,,,,,/muse/elements/jaw_clench
2024-02-10 18:35:05.698,0.23676774,-0.3176798,1.087998,1.1255488,0.025303924,0.08428934,0.7717899,0.7344189,0.1034952,0.8360348,0.79629266,0.67421037,0.15167859,1.4411227,0.64717185,0.70029175,0.1756031,1.5706241,0.35491073,0.085357025,748.6447,801.8315,793.7729,820.7692,NaN,NaN,-0.4327392578125,-0.01690673828125,0.818115234375,4.02252197265625,-0.91217041015625,4.88983154296875,1,2.0,1.0,1.0,2.0,100.00
2024-02-10 18:35:05.760,,,,,,,,,,,,,,,,,,,,,,,,,,,,,,,,,,,,,,,/muse/elements/blink
2024-02-10 18:35:06.714,0.23676774,-0.3176798,0.9921834,1.1255488,0.025303924,0.08428934,0.81011486,0.7344189,0.1034952,0.8360348,0.7461606,0.67421037,0.15167859,1.4411227,0.7297514,0.70029175,0.1756031,1.5706241,0.57888323,0.085357025,733.73627,753.8828,955.34796,771.6117,NaN,NaN,-0.4716796875,-0.0762939453125,0.82904052734375,4.02252197265625,-0.91217041015625,4.88983154296875,1,2.0,1.0,1.0,2.0,100.00
2024-02-10 18:35:07.730,0.23676774,-0.3176798,0.9921834,1.1255488,0.025303924,0.08428934,0.81011486,0.7344189,0.1034952,0.8360348,0.7461606,0.67421037,0.15167859,1.4411227,0.7297514,0.70029175,0.1756031,1.5706241,0.57888323,0.085357025,780.87915,828.4249,830.4396,794.9817,NaN,NaN,-0.44989013671875,-0.070556640625,0.86920166015625,4.02252197265625,-0.91217041015625,4.88983154296875,1,2.0,1.0,1.0,2.0,100.00
2024-02-10 18:35:08.731,0.23676774,-0.3176798,1.128885,1.1255488,0.025303924,0.08428934,0.6175538,0.7344189,0.1034952,0.8360348,0.52192706,0.67421037,0.15167859,1.4411227,0.28926528,0.70029175,0.1756031,1.5706241,-0.14224191,0.085357025,799.011,818.7546,817.1429,794.9817,NaN,NaN,-0.4427490234375,-0.06341552734375,0.875244140625,4.02252197265625,-0.91217041015625,4.88983154296875,1,2.0,1.0,1.0,2.0,100.00
2024-02-10 18:35:09.737,0.23676774,-0.3176798,0.79129255,1.1255488,0.025303924,0.08428934,0.40248728,0.7344189,0.1034952,0.8360348,0.545828,0.67421037,0.15167859,1.4411227,0.19436626,0.70029175,0.1756031,1.5706241,-0.024326947,0.085357025,775.2381,759.5238,788.1319,783.2967,NaN,NaN,-0.49700927734375,-0.07452392578125,0.83050537109375,4.02252197265625,-0.91217041015625,4.88983154296875,1,2.0,1.0,1.0,2.0,100.00
2024-02-10 18:35:10.741,0.23676774,-0.3176798,0.47880077,1.1255488,0.025303924,0.08428934,0.27300057,0.7344189,0.1034952,0.8360348,0.5284741,0.67421037,0.15167859,1.4411227,0.25552183,0.70029175,0.1756031,1.5706241,0.017458359,0.085357025,788.5348,805.05493,792.5641,802.6374,NaN,NaN,-0.4654541015625,-0.06842041015625,0.864013671875,4.02252197265625,-0.91217041015625,4.88983154296875,1,2.0,1.0,1.0,2.0,100.00
2024-02-10 18:35:11.743,0.8937204,-0.19527434,0.16915777,0.7304462,0.66245663,0.5112368,-0.049224503,0.46762946,0.6279847,1.0599409,0.28225762,0.6253678,0.83378845,1.5885441,0.15993194,0.31566477,0.48872164,1.4886652,-0.09529615,0.2187179,794.57874,788.5348,780.87915,792.1612,NaN,NaN,-0.4593505859375,-0.06280517578125,0.863525390625,4.02252197265625,-0.91217041015625,4.88983154296875,1,1.0,1.0,1.0,1.0,100.00
2024-02-10 18:35:12.751,0.23932454,-0.12948695,0.33573386,0.36988306,0.3406259,0.40192434,0.092522696,-0.0011130936,0.6476255,1.1134285,0.24820648,0.5465775,0.36324552,1.6712502,0.17555752,0.21792169,0.12810986,1.4533669,-0.08852654,0.049319897,794.57874,770.0,771.2088,801.8315,NaN,NaN,-0.45318603515625,-0.07421875,0.8648681640625,4.02252197265625,-0.91217041015625,4.88983154296875,1,1.0,1.0,1.0,1.0,100.00
2024-02-10 18:35:13.752,0.8865428,-0.058305256,0.7164186,0.5706272,0.32806617,0.25163963,0.1583278,0.078499876,0.7527727,0.8765469,-0.014055208,0.33834192,0.30609173,1.7353109,0.1755729,0.04809412,0.026284924,1.4421489,-0.12673815,-0.0894814,794.57874,807.8755,772.01465,794.17584,NaN,NaN,-0.4521484375,-0.0687255859375,0.8665771484375,4.02252197265625,-0.91217041015625,4.88983154296875,1,1.0,1.0,1.0,1.0,100.00
2024-02-10 18:35:14.757,1.170167,-0.058305256,0.5284654,0.9713487,0.33771625,0.25163963,-0.059185423,0.19774576,0.73934335,0.8765469,0.1724369,0.7652774,0.22486632,1.7353109,0.09191621,0.033786688,0.13800195,1.4421489,-0.24553631,-0.19344416,794.17584,813.5165,769.59705,789.34064,NaN,NaN,-0.44573974609375,-0.07025146484375,0.86907958984375,4.02252197265625,-0.91217041015625,4.88983154296875,1,1.0,1.0,1.0,1.0,100.00
2024-02-10 18:35:15.759,0.8220506,-0.058305256,0.4353518,0.9179738,0.08940058,0.25163963,0.1786564,0.28210047,0.6329287,0.8765469,0.239499,0.8097217,0.276578,1.7353109,0.054077312,0.17643839,0.043774467,1.4421489,-0.20324379,-0.268779,799.81683,781.685,776.04395,798.60803,NaN,NaN,-0.4437255859375,-0.069091796875,0.86907958984375,4.02252197265625,-0.91217041015625,4.88983154296875,1,1.0,1.0,1.0,1.0,100.00
2024-02-10 18:35:16.762,0.59277886,-0.058305256,0.43082806,0.4497204,0.2505905,0.25163963,0.37772092,0.26231015,0.595241,0.8765469,0.302552,0.6029465,0.23463352,1.7353109,-0.007775368,0.10735074,0.076855645,1.4421489,-0.1482615,-0.13979869,780.07324,762.74725,776.8498,786.1172,NaN,NaN,-0.44635009765625,-0.0716552734375,0.87042236328125,4.02252197265625,-0.91217041015625,4.88983154296875,1,1.0,1.0,1.0,1.0,100.00
2024-02-10 18:35:17.766,0.50561035,-0.117645144,0.15706623,0.5886134,0.06349603,0.689135,-0.035756554,-0.2710823,0.75793934,1.1798266,0.1625518,0.42253062,0.39005083,1.7153754,0.08172132,0.13236259,0.1283878,1.4154408,-0.15076567,-0.24505925,797.3993,789.34064,780.07324,791.75824,NaN,NaN,-0.44769287109375,-0.070556640625,0.87005615234375,4.02252197265625,-0.91217041015625,4.88983154296875,1,1.0,1.0,1.0,1.0,100.00
2024-02-10 18:35:18.769,0.15837982,0.18057439,-0.07671349,0.26300004,0.10922323,0.49582425,-0.116999395,-0.15071633,0.8062647,1.1472211,0.09527268,0.566722,0.3017234,1.6721879,0.14465915,0.23775803,0.09050665,1.3854595,-0.24312323,-0.31066126,793.36993,790.9524,789.7436,799.41394,NaN,NaN,-0.44207763671875,-0.067626953125,0.8726806640625,4.02252197265625,-0.91217041015625,4.88983154296875,1,1.0,1.0,1.0,1.0,100.00
2024-02-10 18:35:19.774,-0.09603125,0.2233328,-0.32312658,0.16687118,0.06171494,0.38777056,-0.33682695,0.04866728,0.6086526,1.072311,0.11978867,0.6505923,0.3411872,1.655591,0.033763815,0.15905029,-0.06056945,1.4008417,-0.09341272,-0.2705495,788.93774,774.43225,785.7143,796.5934,NaN,NaN,-0.44134521484375,-0.0726318359375,0.87158203125,4.02252197265625,-0.91217041015625,4.88983154296875,1,1.0,1.0,1.0,1.0,100.00
2024-02-10 18:35:20.787,0.027303416,0.1788125,-0.24806641,-0.13495201,0.1503138,0.5222974,-0.6927796,-0.05064698,0.9121734,1.0317857,0.14689629,0.7651393,0.18413636,1.7488062,0.1448998,0.059896316,0.15183991,1.5700496,-0.0434808,-0.23329808,778.0586,775.2381,789.34064,799.011,NaN,NaN,-0.4378662109375,-0.06854248046875,0.86968994140625,4.02252197265625,-0.91217041015625,4.88983154296875,1,1.0,1.0,1.0,1.0,100.00
2024-02-10 18:35:21.799,0.10173427,0.17268325,-0.024708081,0.13263841,-0.119407974,0.46527475,-0.640015,0.04759167,0.94285554,1.0007476,0.15593354,0.89827764,0.1958598,1.7616066,0.06305624,0.11712559,0.10936291,1.5857838,-0.14396052,-0.20148322,800.2198,780.4762,791.75824,794.17584,NaN,NaN,-0.43829345703125,-0.0621337890625,0.87744140625,4.02252197265625,-0.91217041015625,4.88983154296875,1,1.0,1.0,1.0,1.0,100.00
2024-02-10 18:35:22.801,0.2714993,0.20158702,-0.054157816,0.25888234,0.19571315,0.6964228,-0.327685,0.2652325,1.050107,0.9464249,0.20999269,0.93667233,0.20136535,1.5837139,-0.096598685,0.13369054,0.003336178,1.4060524,-0.288712,-0.1628311,795.38464,792.96704,794.9817,805.8608,NaN,NaN,-0.4393310546875,-0.06524658203125,0.8759765625,4.02252197265625,-0.91217041015625,4.88983154296875,1,1.0,1.0,1.0,1.0,100.00
2024-02-10 18:35:23.806,0.24732989,0.2129161,0.049232636,-0.015784282,0.46826082,0.56269115,-0.21191414,0.4699859,1.1013796,0.84146315,0.10147676,1.0543545,0.2973812,1.5650109,0.1680113,0.17081125,-0.19902746,1.4109203,-0.23641191,-0.36479422,770.0,782.0879,797.8022,790.54944,NaN,NaN,-0.43768310546875,-0.06976318359375,0.8721923828125,4.02252197265625,-0.91217041015625,4.88983154296875,1,1.0,1.0,1.0,1.0,100.00
2024-02-10 18:35:24.815,0.10196871,-0.49544114,-0.012008258,0.08504681,0.40713462,0.38182837,-0.20620759,0.32264933,1.0751776,1.0168571,0.06208626,1.0377427,0.1636686,1.6373118,0.18394244,0.1758721,-0.04714648,1.4719908,-0.19365172,-0.41359076,771.2088,795.78754,779.67035,774.43225,NaN,NaN,-0.43475341796875,-0.07318115234375,0.87054443359375,4.02252197265625,-0.91217041015625,4.88983154296875,1,1.0,4.0,1.0,1.0,100.00
2024-02-10 18:35:25.830,0.57612747,-0.2072564,0.34017423,0.47764206,0.31438333,0.62313,0.033025436,0.13290824,1.0296359,1.0383145,-0.1381617,0.9980755,0.1686445,1.7101234,0.109867685,-0.037562415,0.019263346,1.492386,-0.122943126,-0.27811617,791.75824,779.2674,788.93774,800.2198,NaN,NaN,-0.431640625,-0.064453125,0.8739013671875,4.02252197265625,-0.91217041015625,4.88983154296875,1,1.0,1.0,1.0,1.0,100.00
2024-02-10 18:35:26.832,0.6772651,0.07666001,0.4899937,-0.01687554,0.23151267,0.701954,-0.01270299,0.42124382,0.6317466,1.0314239,0.0049035293,0.770498,0.24107125,1.7236545,0.22248973,0.035642203,-0.21661086,1.499393,0.01831488,-0.058460098,775.2381,784.5055,792.1612,789.34064,NaN,NaN,-0.43255615234375,-0.0660400390625,0.8734130859375,4.02252197265625,-0.91217041015625,4.88983154296875,1,1.0,1.0,1.0,1.0,100.00
2024-02-10 18:35:27.837,0.82104355,0.07666001,0.5095628,0.5885482,0.21868329,0.701954,-0.0944071,0.30291128,0.7029384,1.0314239,0.16439916,0.7845056,0.3363806,1.7236545,0.09893909,0.18949434,-0.0076547493,1.499393,-0.16079204,-0.11219317,785.7143,791.75824,789.7436,801.4286,NaN,NaN,-0.43450927734375,-0.0716552734375,0.88043212890625,4.02252197265625,-0.91217041015625,4.88983154296875,1,1.0,1.0,1.0,1.0,100.00
2024-02-10 18:35:28.841,0.7233048,0.29059857,0.39338621,0.577772,0.20755525,0.7551067,-0.116416804,0.106768064,0.611429,0.9542628,0.17447542,0.43861187,0.27166092,1.4919744,-0.020448891,0.31688225,0.067691796,1.3903093,-0.28560588,-0.24225555,797.3993,802.6374,793.36993,796.5934,NaN,NaN,-0.4344482421875,-0.06927490234375,0.87255859375,4.02252197265625,-0.91217041015625,4.88983154296875,1,1.0,1.0,1.0,1.0,100.00
2024-02-10 18:35:29.845,0.032310467,0.073101506,-0.16053909,0.23515685,0.058237426,0.32585102,-0.35147685,0.1065637,0.56013745,1.027089,0.26135275,0.53667796,0.1931277,1.5478938,0.09968362,0.11840186,-0.11190686,1.3595666,-0.26294488,-0.31221282,782.0879,798.20514,784.90845,775.64105,NaN,NaN,-0.43035888671875,-0.08038330078125,0.87713623046875,4.02252197265625,-0.91217041015625,4.88983154296875,1,1.0,1.0,1.0,1.0,100.00
2024-02-10 18:35:30.848,-0.055677954,0.04014898,0.14386106,0.36336073,-0.010652091,0.56578517,-0.18108164,0.19094735,0.6611322,1.1296235,0.2734658,0.657425,0.19617067,1.599129,0.10959729,0.08281191,-0.22280814,1.3555936,-0.2259975,-0.35184464,797.8022,792.96704,793.7729,796.5934,NaN,NaN,-0.433349609375,-0.0677490234375,0.87188720703125,4.02252197265625,-0.91217041015625,4.88983154296875,1,1.0,1.0,1.0,1.0,100.00
2024-02-10 18:35:31.850,0.075655885,0.22386357,0.033004183,0.086919084,-0.06544136,0.70437783,-0.10911052,0.116480775,0.7159438,1.0659128,-0.022937441,0.58749133,0.16183238,1.5275809,-0.12808563,0.011804536,-0.25046578,1.4042168,-0.14271744,-0.2835613,796.99634,795.78754,788.5348,794.9817,NaN,NaN,-0.427734375,-0.071533203125,0.87677001953125,4.02252197265625,-0.91217041015625,4.88983154296875,1,1.0,1.0,1.0,1.0,100.00
2024-02-10 18:35:32.860,-0.0155827645,0.2510089,-0.22026405,-0.14031018,0.02383461,0.39440674,-0.18247974,0.07828886,0.82053334,0.88595587,0.031914227,0.8774119,0.10181777,1.4126297,-0.09336476,0.0014278268,-0.18269621,1.4030596,-0.14849302,-0.2979763,794.17584,787.326,792.1612,796.1905,NaN,NaN,-0.42755126953125,-0.07373046875,0.87701416015625,4.02252197265625,-0.91217041015625,4.88983154296875,1,1.0,1.0,1.0,1.0,100.00
2024-02-10 18:35:33.870,-0.009485242,0.2510089,-0.39937022,-0.040514525,0.20280474,0.39440674,-0.29701632,0.1741634,0.8598683,0.88595587,0.075063206,0.90195554,0.12908095,1.4126297,0.08130158,0.08180166,-0.043179784,1.4030596,-0.1766909,-0.2220488,796.99634,794.17584,794.57874,792.96704,NaN,NaN,-0.4259033203125,-0.06658935546875,0.88043212890625,4.02252197265625,-0.91217041015625,4.88983154296875,1,1.0,1.0,1.0,1.0,100.00
2024-02-10 18:35:34.878,0.05661884,0.2510089,-0.47478822,-0.24765298,0.14900996,0.39440674,-0.35537997,-0.016508108,0.5849309,0.88595587,0.13640606,0.6347263,0.18043984,1.4126297,0.16147366,0.1944375,-0.09093091,1.4030596,-0.30052015,-0.27725825,785.31134,779.67035,791.3553,801.8315,NaN,NaN,-0.4259033203125,-0.0751953125,0.87884521484375,4.02252197265625,-0.91217041015625,4.88983154296875,1,1.0,1.0,1.0,1.0,100.00
2024-02-10 18:35:35.892,0.064278,0.1496085,-0.3517523,0.015531552,0.39155367,0.74279463,-0.059150923,0.18754844,0.70793444,1.1511201,0.17534034,0.89170176,0.17351304,1.5975986,0.116208434,0.16817835,-0.08598899,1.3753239,-0.16658105,-0.25267413,784.10254,782.0879,790.14655,791.3553,NaN,NaN,-0.42767333984375,-0.075927734375,0.8822021484375,4.02252197265625,-0.91217041015625,4.88983154296875,1,1.0,1.0,1.0,1.0,100.00
2024-02-10 18:35:36.901,-0.051120516,0.08157651,-0.0130128795,0.27630422,0.40055573,0.61145306,-0.045895834,0.39426816,0.702237,1.0185665,0.19234572,0.9750344,0.21835186,1.5957538,0.057485424,0.101199575,-0.044641726,1.3125172,-0.083339475,-0.17189653,785.7143,801.02563,805.05493,805.8608,NaN,NaN,-0.42352294921875,-0.072998046875,0.88043212890625,4.02252197265625,-0.91217041015625,4.88983154296875,1,1.0,1.0,1.0,1.0,100.00
2024-02-10 18:35:37.907,0.16289666,-0.25941795,-0.04078392,0.14744423,0.14348963,0.21409145,-0.142495,0.26910824,0.6806684,1.115829,0.04936132,0.7989246,0.28794694,1.4468424,0.0077992072,0.23119953,-0.20140351,1.4157617,-0.22438319,-0.3445616,802.23444,777.25275,793.36993,804.65204,NaN,NaN,-0.4293212890625,-0.07354736328125,0.88140869140625,4.02252197265625,-0.91217041015625,4.88983154296875,1,1.0,1.0,1.0,1.0,100.00
2024-02-10 18:35:38.907,-0.041342527,-0.10470315,-0.4147847,0.22546023,0.067519024,0.18109006,0.017860632,0.33043402,0.6014293,1.0708284,-0.0514401,0.4591075,0.11776621,1.5155294,-0.07256052,0.01519508,-0.2173841,1.3664354,-0.20360479,-0.4353551,784.5055,791.75824,788.1319,791.3553,NaN,NaN,-0.427490234375,-0.06854248046875,0.88079833984375,4.02252197265625,-0.91217041015625,4.88983154296875,1,1.0,1.0,1.0,1.0,100.00
2024-02-10 18:35:39.919,-0.10558179,-0.026655667,-0.37594533,0.15442745,-0.021085184,0.13969602,0.0017780587,0.24912827,0.49970496,0.8109163,0.011019741,0.5345209,0.10438781,1.6070583,-0.0065941582,0.14076905,-0.27405143,1.2864763,-0.10845704,-0.33234826,796.99634,763.5531,786.9231,792.5641,NaN,NaN,-0.42266845703125,-0.078857421875,0.881103515625,4.02252197265625,-0.91217041015625,4.88983154296875,1,1.0,1.0,1.0,1.0,100.00
2024-02-10 18:35:40.932,0.3509683,-0.026655667,-0.25314495,0.120664105,0.17551145,0.13969602,-0.5005714,0.13244435,0.4118071,0.8109163,-0.06441011,0.68430144,0.12483953,1.6070583,0.111796975,0.15249191,-0.2465326,1.2864763,-0.08876233,-0.24237539,801.4286,788.93774,794.9817,805.4579,NaN,NaN,-0.42425537109375,-0.0758056640625,0.878662109375,4.02252197265625,-0.91217041015625,4.88983154296875,1,1.0,1.0,1.0,1.0,100.00
2024-02-10 18:35:41.934,0.04780809,-0.092136934,-0.32033077,0.24979712,0.12001247,0.5495239,-0.27048278,0.26179487,0.8541003,1.1808882,0.27675617,0.88488054,0.15811934,1.6602318,0.19242832,0.19426706,-0.17149146,1.3033752,-0.22541106,-0.5307023,784.5055,790.54944,785.31134,788.1319,NaN,NaN,-0.42578125,-0.07025146484375,0.88201904296875,4.02252197265625,-0.91217041015625,4.88983154296875,1,1.0,1.0,1.0,1.0,100.00
2024-02-10 18:35:42.945,0.23561555,0.026234692,-0.22723365,0.24482755,0.4588101,0.52598923,-0.0105824135,0.4011656,0.9271265,1.2155691,0.31466758,0.91076446,0.25207007,1.6768302,0.13270053,0.116732486,-0.24454005,1.3528662,-0.16280845,-0.49978662,799.011,820.3663,790.9524,797.3993,NaN,NaN,-0.4246826171875,-0.0755615234375,0.8765869140625,4.02252197265625,-0.91217041015625,4.88983154296875,1,1.0,1.0,1.0,1.0,100.00
2024-02-10 18:35:43.957,0.28820488,-0.0027632457,-0.2842903,0.20585708,0.27710652,0.4264669,-0.19358623,0.309001,0.8623687,0.9254982,-0.120475516,0.89585656,0.08374605,1.5945615,0.12888108,0.09479221,-0.1325895,1.3867712,-0.06969098,-0.26387414,801.02563,796.99634,795.78754,800.2198,NaN,NaN,-0.42144775390625,-0.07708740234375,0.882080078125,4.02252197265625,-0.91217041015625,4.88983154296875,1,1.0,1.0,1.0,1.0,100.00
2024-02-10 18:35:44.969,0.21052401,0.14390197,-0.4222626,-0.039020117,0.12709019,0.32896304,-0.1468661,0.19962461,0.7771379,0.8225744,0.1138332,0.9162749,0.04132449,1.5955623,0.090327784,0.07831322,-0.15278651,1.38711,-0.29307592,-0.28805596,790.54944,793.7729,796.1905,788.93774,NaN,NaN,-0.42156982421875,-0.07318115234375,0.87982177734375,4.02252197265625,-0.91217041015625,4.88983154296875,1,1.0,1.0,1.0,1.0,100.00
2024-02-10 18:35:45.982,0.2381062,0.14897612,-0.27357203,-0.14945841,0.24621578,0.70465475,-0.23231989,0.20222144,1.0038763,0.8264745,0.25725812,0.9891336,0.09801716,1.5053469,0.108975165,0.041009862,-0.18009283,1.4184731,-0.15764704,-0.26272506,789.7436,804.2491,795.38464,796.99634,NaN,NaN,-0.422119140625,-0.080322265625,0.88116455078125,4.02252197265625,-0.91217041015625,4.88983154296875,1,1.0,1.0,1.0,1.0,100.00
2024-02-10 18:35:46.991,0.11517628,-0.047519576,-0.2349718,-0.067700535,0.23066242,0.65449953,-0.029107813,0.12491032,1.0121024,0.88306504,0.24283765,0.96251965,0.100872904,1.5154825,0.12985605,0.03682271,-0.16376704,1.3000764,-0.25922212,-0.35896665,787.326,782.49084,782.8938,789.34064,NaN,NaN,-0.42041015625,-0.07501220703125,0.88116455078125,4.02252197265625,-0.91217041015625,4.88983154296875,1,1.0,1.0,1.0,1.0,100.00
2024-02-10 18:35:48.006,0.273648,-0.086702466,-0.28229415,0.3306148,0.3965519,0.60736686,-0.04774206,0.2673251,1.0830677,0.82112885,0.1459173,0.9664009,0.14229049,1.6343446,0.20009702,0.04215219,-0.2094154,1.347423,-0.17946476,-0.46667987,795.78754,772.8205,792.96704,807.0696,NaN,NaN,-0.41949462890625,-0.071044921875,0.88348388671875,4.02252197265625,-0.91217041015625,4.88983154296875,1,1.0,1.0,1.0,1.0,100.00
2024-02-10 18:35:49.013,0.5962935,0.050666124,0.35246024,0.5155251,0.4574187,0.32226738,-0.018420432,0.47630155,0.94282943,0.584235,-0.20588182,0.65208375,0.14708757,1.6078507,0.06917914,0.009908365,-0.14758915,1.4087261,-0.050316926,-0.35566422,783.69965,773.6264,787.72894,792.96704,NaN,NaN,-0.41998291015625,-0.0718994140625,0.89013671875,4.02252197265625,-0.91217041015625,4.88983154296875,1,1.0,1.0,1.0,1.0,100.00
2024-02-10 18:35:50.023,0.530586,0.050666124,0.72914857,0.55022705,0.31988615,0.32226738,0.15874703,0.23345669,0.77233344,0.584235,0.20956321,0.68845224,0.3414542,1.6078507,0.20277388,0.062099002,-0.17148659,1.4087261,-0.095683746,-0.35763246,800.2198,809.89014,794.9817,797.3993,NaN,NaN,-0.42315673828125,-0.0830078125,0.8841552734375,4.02252197265625,-0.91217041015625,4.88983154296875,1,1.0,1.0,1.0,1.0,100.00
2024-02-10 18:35:51.030,1.0634032,0.050666124,1.2137792,0.71538603,0.8083847,0.32226738,0.9581832,0.52389795,1.170936,0.584235,1.2214435,1.0480409,0.55174357,1.6078507,0.658297,0.25857675,0.03622488,1.4087261,-0.006673498,-0.2708428,784.5055,773.6264,789.7436,793.36993,NaN,NaN,-0.41607666015625,-0.075927734375,0.8851318359375,4.02252197265625,-0.91217041015625,4.88983154296875,1,1.0,1.0,1.0,1.0,100.00
2024-02-10 18:35:52.040,0.60747856,0.050666124,0.6264286,0.36607128,0.28566915,0.32226738,0.4147811,0.23467293,0.89875317,0.584235,0.9241104,0.74357015,0.39682984,1.6078507,0.33521396,0.2515647,0.09567254,1.4087261,-0.108835705,-0.036846362,791.75824,809.0842,796.1905,797.8022,NaN,NaN,-0.41729736328125,-0.0748291015625,0.88519287109375,4.02252197265625,-0.91217041015625,4.88983154296875,1,1.0,1.0,1.0,1.0,100.00
2024-02-10 18:35:53.053,0.09526088,0.30952975,-0.04578107,0.22557993,-0.12364653,0.6942928,-0.20994243,0.19525963,0.42116,0.732206,-0.03597538,0.38957715,0.24271877,1.606146,0.15965712,0.14396617,-0.16615328,1.288493,-0.18329053,-0.18210573,803.44324,818.3516,798.60803,807.47253,NaN,NaN,-0.41839599609375,-0.07440185546875,0.8885498046875,4.02252197265625,-0.91217041015625,4.88983154296875,1,1.0,1.0,1.0,1.0,100.00
2024-02-10 18:35:54.068,0.46805644,0.46116304,0.7680482,0.29349157,0.25740582,0.73027235,0.1788915,0.13243553,0.5427174,1.1243688,0.20604108,0.3705519,0.30628437,1.6653528,0.20289285,0.18707258,-0.061412513,1.3558527,-0.12331106,-0.087248005,789.34064,807.47253,795.78754,796.99634,NaN,NaN,-0.423095703125,-0.07086181640625,0.87811279296875,4.02252197265625,-0.91217041015625,4.88983154296875,1,1.0,1.0,1.0,1.0,100.00
2024-02-10 18:35:55.069,0.4820784,0.46116304,0.59091175,0.3420277,0.27092403,0.73027235,-0.04262416,-0.051695544,0.61154497,1.1243688,0.17724052,0.32235897,0.28976852,1.6653528,0.06336564,0.13174307,-0.049933806,1.3558527,-0.24694213,-0.09093297,809.0842,806.6667,815.12823,818.7546,NaN,NaN,-0.4176025390625,-0.07415771484375,0.89434814453125,4.02252197265625,-0.91217041015625,4.88983154296875,1,1.0,1.0,1.0,1.0,100.00
2024-02-10 18:35:55.621,,,,,,,,,,,,,,,,,,,,,,,,,,,,,,,,,,,,,,,/muse/elements/jaw_clench
2024-02-10 18:35:56.070,0.3261976,0.46116304,0.84085804,-0.09813709,0.15846092,0.73027235,0.24749985,-0.19133,0.13076334,1.1243688,0.20238096,0.167867,0.23045824,1.6653528,-0.050179567,0.10603419,-0.02824487,1.3558527,-0.07424922,-0.05665099,783.2967,796.1905,786.52014,796.99634,NaN,NaN,-0.42047119140625,-0.07373046875,0.8707275390625,4.02252197265625,-0.91217041015625,4.88983154296875,1,1.0,1.0,1.0,1.0,100.00
2024-02-10 18:35:57.076,0.3261976,0.46116304,0.8830974,-0.09813709,0.15846092,0.73027235,0.27018738,-0.19133,0.13076334,1.1243688,0.20613424,0.167867,0.23045824,1.6653528,0.06738488,0.10603419,-0.02824487,1.3558527,0.011739739,-0.05665099,790.54944,823.9927,797.8022,788.93774,NaN,NaN,-0.419677734375,-0.07928466796875,0.88262939453125,4.02252197265625,-0.91217041015625,4.88983154296875,1,1.0,1.0,1.0,1.0,100.00
2024-02-10 18:35:58.081,-0.06114617,0.14396966,-0.028305877,0.10560161,0.1882151,0.34260154,-0.30249482,0.2357297,0.6013356,0.8583989,0.0011684616,0.5969753,0.2067822,1.4601854,0.08548423,0.059198078,-0.1839614,1.3773501,-0.23429157,0.040452555,793.36993,761.9414,789.34064,788.5348,NaN,NaN,-0.4149169921875,-0.0687255859375,0.88702392578125,4.02252197265625,-0.91217041015625,4.88983154296875,1,1.0,1.0,1.0,1.0,100.00
2024-02-10 18:35:58.797,,,,,,,,,,,,,,,,,,,,,,,,,,,,,,,,,,,,,,,/muse/elements/blink
2024-02-10 18:35:59.092,-0.12432758,0.24327165,-0.38649774,-0.269258,-0.01346125,0.53469527,-0.49370086,-0.17915477,0.6406624,0.94428,-0.09539821,0.57396555,0.11998296,1.5202302,0.16400586,0.17943716,-0.15099743,1.1859311,-0.28873873,-0.038969304,809.4872,779.2674,786.52014,806.26373,NaN,NaN,-0.41473388671875,-0.07464599609375,0.89251708984375,4.02252197265625,-0.91217041015625,4.88983154296875,1,1.0,1.0,1.0,1.0,100.00
2024-02-10 18:36:00.106,-0.06700385,-0.010242182,0.13668141,-0.33399537,-0.25584936,0.5908076,-0.32214996,-0.28201395,0.49949273,0.9156671,-0.113342814,0.48380506,0.00382888,1.4902889,0.32688144,0.23298988,-0.018019166,1.0844475,-0.21140237,-0.048037007,817.1429,809.4872,803.44324,803.44324,NaN,NaN,-0.4078369140625,-0.07415771484375,0.89508056640625,4.02252197265625,-0.91217041015625,4.88983154296875,1,1.0,1.0,1.0,1.0,100.00
2024-02-10 18:36:00.723,,,,,,,,,,,,,,,,,,,,,,,,,,,,,,,,,,,,,,,/muse/elements/jaw_clench
2024-02-10 18:36:01.124,-0.06700385,-0.010242182,0.8914065,0.74681735,-0.25584936,0.5908076,0.46397516,0.5847015,0.49949273,0.9156671,0.6008775,0.82870346,0.00382888,1.4902889,0.4102133,0.23475543,-0.018019166,1.0844475,0.042381715,-0.12590572,791.75824,798.60803,822.7839,792.5641,NaN,NaN,-0.41802978515625,-0.076904296875,0.8800048828125,4.02252197265625,-0.91217041015625,4.88983154296875,1,1.0,1.0,1.0,1.0,100.00
2024-02-10 18:36:02.133,-0.06700385,-0.010242182,0.88969004,0.8310882,-0.25584936,0.5908076,0.51819867,0.6784416,0.49949273,0.9156671,0.38154873,0.8285421,0.00382888,1.4902889,0.31972265,0.27359635,-0.018019166,1.0844475,0.08554283,-0.23359178,798.60803,820.3663,792.1612,798.20514,NaN,NaN,-0.412109375,-0.07733154296875,0.88519287109375,4.02252197265625,-0.91217041015625,4.88983154296875,1,1.0,1.0,1.0,1.0,100.00
2024-02-10 18:36:03.138,0.20040579,-0.23248877,0.31059375,-0.047234435,0.1269195,0.31411314,-0.23283833,0.054540567,0.84841686,1.1415665,0.21423712,0.6960012,0.17259245,1.5263078,0.0064783464,0.05179155,0.13500193,1.4012377,-0.27632678,-0.25626186,787.72894,778.0586,790.54944,792.96704,NaN,NaN,-0.41064453125,-0.07769775390625,0.88287353515625,4.02252197265625,-0.91217041015625,4.88983154296875,1,1.0,1.0,1.0,1.0,100.00
2024-02-10 18:36:04.150,0.1505107,0.033666372,0.10574802,0.39822605,0.5339719,0.33574066,-0.118128486,0.34228447,1.0718473,1.0595996,0.2258379,0.8361155,0.16342196,1.5485778,-0.038659234,-0.038301915,-0.006891891,1.3850619,-0.20709164,-0.2739505,799.81683,792.96704,796.1905,803.0403,NaN,NaN,-0.40863037109375,-0.0748291015625,0.88592529296875,4.02252197265625,-0.91217041015625,4.88983154296875,1,1.0,1.0,1.0,1.0,100.00
2024-02-10 18:36:05.155,0.053937715,0.026165593,-0.14292228,0.23194604,0.4195096,0.328456,-0.26561227,0.3313696,0.8897276,0.9978377,0.21295463,0.89623386,0.11696796,1.4954686,-0.07406878,0.12416402,-0.14094095,1.3478442,-0.27291897,-0.24873225,805.05493,796.1905,788.1319,800.2198,NaN,NaN,-0.41046142578125,-0.06982421875,0.8873291015625,4.02252197265625,-0.91217041015625,4.88983154296875,1,1.0,1.0,1.0,1.0,100.00
2024-02-10 18:36:06.173,-0.06464696,-0.22510177,-0.27796012,-0.10289739,0.39094043,0.23811343,-0.11382254,0.22150901,0.90138364,0.93074954,0.11892633,0.8473241,0.18023139,1.698956,0.041246418,0.28190136,-0.104955904,1.3559645,-0.20777282,-0.08790789,788.5348,784.10254,795.78754,799.81683,NaN,NaN,-0.41229248046875,-0.07373046875,0.885986328125,4.02252197265625,-0.91217041015625,4.88983154296875,1,1.0,1.0,1.0,1.0,100.00
2024-02-10 18:36:07.176,0.21921006,0.19289674,-0.25835598,0.050102327,0.3151934,0.59279156,-0.07511441,0.21380088,1.1442091,0.98106986,0.21026006,0.98040193,0.26286504,1.5656526,0.03006488,0.17674206,-0.08031894,1.293467,-0.34349966,-0.11684837,802.6374,796.5934,789.34064,793.7729,NaN,NaN,-0.40960693359375,-0.0736083984375,0.88970947265625,4.02252197265625,-0.91217041015625,4.88983154296875,1,1.0,1.0,1.0,1.0,100.00
2024-02-10 18:36:08.178,0.04805177,0.26725808,-0.30231965,-0.18988408,0.30934805,0.86884224,-0.29582065,0.26541921,1.1296334,0.9751377,0.1983584,0.96962965,0.24906853,1.5735521,0.054153763,0.03898552,-0.17483792,1.2281547,-0.19463293,-0.21749337,792.96704,802.23444,793.7729,803.8461,NaN,NaN,-0.4088134765625,-0.0775146484375,0.88702392578125,4.02252197265625,-0.91217041015625,4.88983154296875,1,1.0,1.0,1.0,1.0,100.00
2024-02-10 18:36:09.182,0.13065752,0.1772357,-0.39909804,0.014123834,0.4934901,0.47281805,-0.45308995,0.39189208,0.8200164,0.9476477,-0.06790294,0.83227813,0.2757806,1.5804751,0.001479163,-0.08358226,-0.21406169,1.2423434,-0.18000412,-0.18217228,794.17584,778.0586,788.1319,797.8022,NaN,NaN,-0.41265869140625,-0.07379150390625,0.88653564453125,4.02252197265625,-0.91217041015625,4.88983154296875,1,1.0,1.0,1.0,1.0,100.00
2024-02-10 18:36:10.186,0.057993967,0.053890068,-0.81489205,-0.14800027,0.21503082,0.5572658,-0.50046307,0.036328167,0.79402584,1.1812208,0.0030891255,0.60624176,0.2235654,1.5542907,0.01928021,0.112346455,-0.13992432,1.2868366,-0.20713843,-0.16606659,783.2967,794.57874,788.1319,794.9817,NaN,NaN,-0.41204833984375,-0.072021484375,0.88775634765625,4.02252197265625,-0.91217041015625,4.88983154296875,1,1.0,1.0,1.0,1.0,100.00
2024-02-10 18:36:11.189,-0.3268257,0.027102735,-0.25620556,-0.1344454,0.029418034,0.51972824,-0.24800293,0.040611316,0.5104367,1.1775643,0.1846223,0.53480834,0.13842723,1.5403537,0.027003754,0.23296879,-0.15484785,1.3488592,-0.21690433,-0.4295611,789.34064,789.7436,794.17584,797.8022,NaN,NaN,-0.40869140625,-0.07342529296875,0.89447021484375,4.02252197265625,-0.91217041015625,4.88983154296875,1,1.0,1.0,1.0,1.0,100.00
2024-02-10 18:36:12.194,0.06300422,0.11574518,-0.24260756,-0.13674946,0.16992097,0.4444705,-0.20348467,0.17775606,0.80090576,0.974084,0.37761924,0.8507303,0.24030754,1.581552,0.15072955,0.1716392,-0.03729068,1.3662015,-0.2270818,-0.35552195,804.2491,809.89014,797.3993,808.68134,NaN,NaN,-0.40997314453125,-0.06927490234375,0.89349365234375,4.02252197265625,-0.91217041015625,4.88983154296875,1,1.0,1.0,1.0,1.0,100.00
2024-02-10 18:36:13.197,0.34081435,0.1062926,-0.04801235,0.008925321,0.3216018,0.2671606,-0.20026821,0.2952539,0.92931813,0.99842715,0.34608334,0.8806721,0.17329542,1.7093788,0.19715226,0.079176985,0.035590604,1.3281996,-0.14973256,-0.15485415,789.34064,816.7399,789.7436,797.8022,NaN,NaN,-0.40789794921875,-0.07763671875,0.88507080078125,4.02252197265625,-0.91217041015625,4.88983154296875,1,1.0,1.0,1.0,1.0,100.00
2024-02-10 18:36:14.203,0.34305474,-0.056267384,0.13949125,0.29753265,0.267594,0.055208933,-0.023450771,0.19544871,0.75749564,0.9037002,-0.0942002,0.76820576,0.12397828,1.6983868,0.08298725,0.13646431,-0.050224546,1.2889748,-0.14159401,-0.028376808,786.1172,793.7729,789.7436,793.7729,NaN,NaN,-0.40875244140625,-0.07379150390625,0.8883056640625,4.02252197265625,-0.91217041015625,4.88983154296875,1,1.0,1.0,1.0,1.0,100.00
2024-02-10 18:36:15.205,-0.11806363,0.021346867,-0.1129241,0.13305835,0.2305391,0.47173434,-0.019079356,0.28150272,0.6900336,0.81710654,-0.03245944,0.8001119,0.20506684,1.4605169,0.030517397,0.034874987,-0.101491526,1.3521489,-0.18664135,-0.09376419,790.9524,790.14655,794.17584,789.34064,NaN,NaN,-0.40618896484375,-0.0750732421875,0.88983154296875,4.02252197265625,-0.91217041015625,4.88983154296875,1,1.0,1.0,1.0,1.0,100.00
2024-02-10 18:36:16.208,-0.083522424,0.07483293,-0.21307051,0.08281847,0.14968088,0.44747612,-0.19273822,0.392896,0.71605074,0.9542749,0.11244669,0.7802076,0.24474724,1.4284602,0.020154776,-0.034757644,-0.1904699,1.2950056,-0.24593543,-0.35270587,790.14655,812.71063,801.02563,796.1905,NaN,NaN,-0.40728759765625,-0.0821533203125,0.88677978515625,4.02252197265625,-0.91217041015625,4.88983154296875,1,1.0,1.0,1.0,1.0,100.00
2024-02-10 18:36:17.213,0.117506474,0.10908897,-0.16598418,0.040905196,0.18795618,0.3261814,-0.2143716,0.26030836,1.0100558,1.1075054,0.08041857,0.81784165,0.23333621,1.4690704,0.008359227,0.14756602,-0.1450469,1.4274132,-0.08148903,-0.2609951,782.49084,776.04395,791.75824,780.4762,NaN,NaN,-0.40576171875,-0.07720947265625,0.88818359375,4.02252197265625,-0.91217041015625,4.88983154296875,1,1.0,1.0,1.0,1.0,100.00
2024-02-10 18:36:18.214,0.85947204,0.20556441,0.48561612,0.5014985,0.32690474,0.1769604,0.022139575,0.06599432,1.0102556,0.806303,0.29808328,0.80644757,0.21253577,1.4964175,0.13072807,0.14476438,-0.037460554,1.4461296,-0.049051385,-0.26384562,790.54944,779.67035,784.90845,792.1612,NaN,NaN,-0.40936279296875,-0.0838623046875,0.89031982421875,4.02252197265625,-0.91217041015625,4.88983154296875,1,1.0,1.0,1.0,1.0,100.00
2024-02-10 18:36:19.216,-0.19210507,-0.39085558,0.05970047,0.14206551,-0.03166167,0.4494726,0.11709503,-0.106541865,0.90695554,1.2641644,0.28204527,0.28330022,0.14835538,1.5893949,0.15335555,0.11907119,-0.26385993,1.1727359,-0.2273905,-0.30899212,791.3553,759.12085,786.9231,791.75824,NaN,NaN,-0.4073486328125,-0.07501220703125,0.88995361328125,4.02252197265625,-0.91217041015625,4.88983154296875,1,1.0,1.0,1.0,1.0,100.00
2024-02-10 18:36:20.220,-0.17107522,7.8946864E-4,-0.05909336,-0.11257812,-0.11042836,0.5529478,-9.3899533E-4,-0.13276197,0.9063979,1.2581761,0.2856552,0.5285972,0.23758724,1.6032499,0.18758525,0.1336914,-0.20916086,1.2944924,-0.13842134,-0.22799923,792.1612,788.5348,792.96704,790.54944,NaN,NaN,-0.4039306640625,-0.07904052734375,0.89031982421875,4.02252197265625,-0.91217041015625,4.88983154296875,1,1.0,1.0,1.0,1.0,100.00
2024-02-10 18:36:21.230,-0.0012730544,0.15218185,-0.21966513,0.095048554,-0.008830094,0.40209198,-0.292084,0.07842922,0.8205291,0.9407441,0.25774443,0.67763484,0.2723905,1.564207,0.19569944,0.22763054,-0.24700688,1.410033,-0.07819026,-0.28704712,801.4286,785.31134,793.7729,801.02563,NaN,NaN,-0.407958984375,-0.0736083984375,0.88958740234375,4.02252197265625,-0.91217041015625,4.88983154296875,1,1.0,1.0,1.0,1.0,100.00
2024-02-10 18:36:22.234,0.016631698,-0.54744244,-0.10511749,0.24313727,0.25789526,0.13855724,-0.25303277,0.3472901,1.0096575,1.0053498,0.1759964,0.74896216,0.33032033,1.4007472,0.117386855,0.23631173,-0.114947155,1.3853842,-0.03681969,-0.315763,790.9524,805.4579,789.34064,783.2967,NaN,NaN,-0.40625,-0.07562255859375,0.88958740234375,4.02252197265625,-0.91217041015625,4.88983154296875,1,1.0,1.0,1.0,1.0,100.00
2024-02-10 18:36:23.246,-0.029790191,-0.42527032,-0.12863512,-0.18730424,0.22800583,0.1480277,-0.2528513,0.27885187,1.0419948,0.82845736,0.19685791,0.95107454,0.19144078,1.4757833,0.021567697,0.116698526,-0.08092568,1.4070821,-0.05438104,-0.33387056,784.10254,785.7143,794.57874,790.54944,NaN,NaN,-0.40380859375,-0.07891845703125,0.89141845703125,4.02252197265625,-0.91217041015625,4.88983154296875,1,1.0,1.0,1.0,1.0,100.00
2024-02-10 18:36:24.253,0.057883244,-0.27227047,-0.15429415,0.021358378,0.20738016,0.40154088,-0.08325266,0.013247443,1.0189306,0.52965987,0.13420963,0.94237405,0.023087254,1.5727203,0.053899497,-0.010696008,-0.22320777,1.4101218,-0.25805184,-0.23799688,788.93774,783.2967,795.38464,794.9817,NaN,NaN,-0.40582275390625,-0.07623291015625,0.89068603515625,4.02252197265625,-0.91217041015625,4.88983154296875,1,1.0,1.0,1.0,1.0,100.00
2024-02-10 18:36:25.256,0.02101025,-0.10937943,-0.12357556,0.267782,0.41419256,0.29805622,-0.33521163,0.30193254,1.1231496,0.5719328,0.19051896,0.93375427,0.045912154,1.5663726,-0.015430704,0.097182736,-0.20284489,1.2067864,-0.29674518,-0.20148166,784.10254,770.80585,786.9231,790.9524,NaN,NaN,-0.40692138671875,-0.0723876953125,0.890380859375,4.02252197265625,-0.91217041015625,4.88983154296875,1,1.0,1.0,1.0,1.0,100.00
2024-02-10 18:36:26.271,0.018927341,-0.17741401,-0.13514873,0.10749141,0.3281929,0.5582962,-0.21715027,0.15464641,1.1334869,1.2541754,0.13032031,0.9554126,0.1370474,1.5117981,-0.009463723,0.0024147816,-0.4147371,1.2434973,-0.29335725,-0.39550126,789.7436,813.91943,797.8022,798.60803,NaN,NaN,-0.4036865234375,-0.078125,0.88653564453125,4.02252197265625,-0.91217041015625,4.88983154296875,1,1.0,1.0,1.0,1.0,100.00
2024-02-10 18:36:27.277,-0.12180697,-0.20928082,-0.23720941,0.11134442,0.15927395,0.6275833,-0.32092434,-0.05584826,0.9714008,1.2404405,0.05089897,0.7050536,0.21204342,1.501468,-0.00540502,0.19586302,-0.25113717,1.3113582,-0.31597048,-0.31107885,748.6447,779.67035,786.9231,747.8388,NaN,NaN,-0.4052734375,-0.0753173828125,0.8896484375,4.02252197265625,-0.91217041015625,4.88983154296875,1,1.0,1.0,1.0,1.0,100.00
2024-02-10 18:36:28.289,0.5936352,-0.042660248,0.009340314,0.26440364,0.31825462,0.63912004,-0.18609488,0.054800805,0.42902938,0.9587208,0.1474962,0.29621395,0.32982263,1.7008232,0.069670886,0.070349455,-0.18161634,1.417572,-0.07165357,-0.25983053,794.57874,807.0696,791.75824,792.5641,NaN,NaN,-0.40435791015625,-0.0733642578125,0.880615234375,4.02252197265625,-0.91217041015625,4.88983154296875,1,1.0,1.0,1.0,1.0,100.00
2024-02-10 18:36:29.305,0.84013885,0.15558745,0.028081985,1.2443593,0.3040018,0.5059268,0.15932415,0.19930913,0.34368327,0.90515435,0.091183506,0.68091744,0.30195642,1.6797807,0.11105842,0.17601395,-0.14390834,1.3767073,0.0013609596,-0.15984495,847.3626,765.9707,791.3553,820.3663,NaN,NaN,-0.4080810546875,-0.0982666015625,0.89422607421875,4.02252197265625,-0.91217041015625,4.88983154296875,1,1.0,1.0,1.0,1.0,100.00
2024-02-10 18:36:30.309,0.84013885,0.18207093,0.46510196,0.83596444,0.3040018,0.3681014,0.23787934,0.3407039,0.34368327,0.86048913,0.16407147,0.59578633,0.30195642,1.6969622,0.2269916,0.8849286,-0.14390834,1.4047892,0.014430757,0.74951273,786.1172,777.25275,780.87915,802.6374,NaN,NaN,-0.44940185546875,-0.0662841796875,0.84417724609375,4.02252197265625,-0.91217041015625,4.88983154296875,1,1.0,1.0,1.0,1.0,100.00
2024-02-10 18:36:31.310,0.84013885,0.18207093,0.5432599,0.9448102,0.3040018,0.3681014,-0.14088139,0.5939905,0.34368327,0.86048913,0.29289764,0.5357581,0.30195642,1.6969622,0.292984,0.8163264,-0.14390834,1.4047892,0.08861589,0.7450614,797.3993,776.4469,793.36993,796.5934,NaN,NaN,-0.4271240234375,-0.07513427734375,0.875732421875,4.02252197265625,-0.91217041015625,4.88983154296875,1,1.0,1.0,1.0,1.0,100.00
2024-02-10 18:36:32.318,0.49045122,0.18207093,0.33108366,0.52138555,0.04815376,0.3681014,-0.20442282,0.2813788,0.6686886,0.86048913,0.25993302,0.66520166,0.19433406,1.6969622,0.13686268,0.15996055,0.06989013,1.4047892,-0.08712365,-0.20781931,796.1905,786.1172,795.78754,805.8608,NaN,NaN,-0.41595458984375,-0.06817626953125,0.8839111328125,4.02252197265625,-0.91217041015625,4.88983154296875,1,1.0,1.0,1.0,1.0,100.00
2024-02-10 18:36:33.321,0.17475714,0.18207093,0.29581398,0.34423372,0.097799316,0.3681014,-0.004438543,0.29751652,0.80716395,0.86048913,-0.036439277,0.8675153,0.29276222,1.6969622,0.06733665,0.10252779,-0.063085794,1.4047892,-0.2514421,-0.16053542,798.60803,800.6227,793.7729,789.34064,NaN,NaN,-0.41845703125,-0.06976318359375,0.8831787109375,4.02252197265625,-0.91217041015625,4.88983154296875,1,1.0,1.0,1.0,1.0,100.00
2024-02-10 18:36:34.327,-0.121361345,-0.033009265,0.016305149,0.17723568,0.19001353,0.43947312,-0.17973258,0.2824826,0.9414164,1.1248695,-0.015697338,0.8347905,0.27089792,1.5636516,0.13976054,0.22778305,-0.12854041,1.3555698,-0.20020244,-0.2164823,792.5641,786.9231,797.3993,804.65204,NaN,NaN,-0.41351318359375,-0.08966064453125,0.88885498046875,4.02252197265625,-0.91217041015625,4.88983154296875,1,1.0,1.0,1.0,1.0,100.00
2024-02-10 18:36:35.336,-0.055147924,-0.066618316,0.12786537,0.2232489,0.47102785,0.39373526,-0.35202697,0.4360019,1.1605215,0.98658496,-0.12274844,0.9556811,0.19422355,1.5267475,0.09868011,0.13366973,-0.08814276,1.3034595,-0.1817469,-0.22200535,792.5641,788.5348,792.1612,796.1905,NaN,NaN,-0.413818359375,-0.08319091796875,0.87921142578125,4.02252197265625,-0.91217041015625,4.88983154296875,1,1.0,1.0,1.0,1.0,100.00
2024-02-10 18:36:36.356,0.11225569,0.050069574,-0.46683517,0.27722716,0.139545,0.5108995,-0.168095,0.3511083,0.73817277,1.0527729,0.2820125,0.64079285,0.081330836,1.4912934,0.065811425,0.083968736,-0.2677583,1.2798767,-0.2992173,-0.25460777,796.5934,798.60803,794.9817,801.4286,NaN,NaN,-0.40771484375,-0.0760498046875,0.88604736328125,4.02252197265625,-0.91217041015625,4.88983154296875,1,1.0,1.0,1.0,1.0,100.00
2024-02-10 18:36:37.365,-0.04287003,-0.27966255,-0.21620035,0.05038145,0.06099547,0.41863987,-0.1997749,0.12728599,0.8453205,1.0185024,0.31314522,0.5855929,0.13465893,1.4107033,-0.033101484,0.097892575,-0.28609595,1.2789389,-0.39363557,-0.29523352,794.57874,789.34064,797.3993,792.1612,NaN,NaN,-0.409912109375,-0.07843017578125,0.8865966796875,4.02252197265625,-0.91217041015625,4.88983154296875,1,1.0,1.0,1.0,1.0,100.00
2024-02-10 18:36:38.371,-0.21597634,-0.16832209,-0.28263992,-0.14069755,0.28310472,0.45493156,-0.12368131,0.08094369,0.9201111,1.0179373,0.4127241,0.55549514,0.2460554,1.3140934,0.0960525,0.3453638,-0.07865368,1.2145793,-0.36667618,-0.33522072,790.9524,801.02563,790.9524,806.6667,NaN,NaN,-0.41180419921875,-0.082275390625,0.8870849609375,4.02252197265625,-0.91217041015625,4.88983154296875,1,1.0,1.0,1.0,1.0,100.00
2024-02-10 18:36:39.373,-0.010106096,0.0069138496,-0.31064466,0.09265284,0.26334456,0.34364596,-0.17813803,0.39253557,0.8405489,0.761993,0.31369016,1.0709629,0.2601774,1.4981267,-0.037647847,0.15521227,-0.23305027,1.2842078,-0.3945831,-0.3024794,790.54944,771.6117,790.54944,796.5934,NaN,NaN,-0.40899658203125,-0.085205078125,0.88525390625,4.02252197265625,-0.91217041015625,4.88983154296875,1,1.0,1.0,1.0,1.0,100.00
2024-02-10 18:36:40.387,0.119704224,0.08635405,-0.38843697,0.108533844,0.043392994,0.4859559,-0.38495356,0.5338521,0.72516876,0.8928437,0.2151725,1.0361662,0.21306713,1.5541035,-0.02152322,0.2002831,-0.27823085,1.4060129,-0.26385343,-0.16486804,788.5348,778.86444,798.60803,802.6374,NaN,NaN,-0.40625,-0.07940673828125,0.888916015625,4.02252197265625,-0.91217041015625,4.88983154296875,1,1.0,1.0,1.0,1.0,100.00
2024-02-10 18:36:41.399,1.1353472,0.60096157,0.56756663,0.70238835,0.67708415,0.76294416,0.45523024,0.5984465,0.81931716,0.821266,0.40276,0.4337371,0.27463093,1.5190905,0.018384578,0.11997211,-0.20758127,1.3571148,-0.250711,-0.19829644,791.3553,799.81683,793.7729,789.7436,NaN,NaN,-0.4097900390625,-0.0833740234375,0.8851318359375,4.02252197265625,-0.91217041015625,4.88983154296875,1,1.0,1.0,1.0,1.0,100.00
2024-02-10 18:36:42.404,1.2475398,0.41735968,0.58319986,1.1596681,0.795287,0.59626496,0.5630644,0.6880037,0.77018756,1.1574532,0.37549007,0.8166964,0.33343458,1.447825,0.07547115,0.124205455,-0.15752803,1.341417,-0.084851414,-0.23899171,746.63007,795.38464,792.96704,746.2271,NaN,NaN,-0.40625,-0.08544921875,0.88824462890625,4.02252197265625,-0.91217041015625,4.88983154296875,1,1.0,1.0,1.0,1.0,100.00
2024-02-10 18:36:43.419,-0.084176674,0.025375985,0.5840784,1.3040634,0.034621943,0.37488186,0.32372358,0.6245628,0.17960595,1.1562243,0.18376693,0.9375075,0.30451968,1.4664003,0.19411835,0.1613721,-0.18147801,1.3565875,-0.10229271,-0.25427815,809.89014,786.9231,805.8608,821.1722,NaN,NaN,-0.40765380859375,-0.08477783203125,0.88690185546875,4.02252197265625,-0.91217041015625,4.88983154296875,1,1.0,1.0,1.0,1.0,100.00
2024-02-10 18:36:44.422,-0.084176674,0.0813321,0.9043205,1.3934585,0.034621943,0.45798755,0.39962846,0.67820376,0.17960595,1.1410936,0.14949058,0.9375075,0.30451968,1.4817835,0.29169556,0.19057465,-0.18147801,1.3458291,-0.31934094,-0.2509692,824.3956,787.72894,796.5934,825.2015,NaN,NaN,-0.40704345703125,-0.08087158203125,0.889892578125,4.02252197265625,-0.91217041015625,4.88983154296875,1,1.0,1.0,1.0,1.0,100.00
2024-02-10 18:36:44.478,,,,,,,,,,,,,,,,,,,,,,,,,,,,,,,,,,,,,,,/muse/elements/blink
